{
    "rock": {
        "m\u00e3o1": {
            "0": {
                "x": 0.0,
                "y": 0.0,
                "z": 0.0
            },
            "1": {
                "x": 0.24245963827759448,
                "y": -0.2832763880518947,
                "z": 0.1607282862993386
            },
            "2": {
                "x": 0.33516068235101015,
                "y": -0.5807505352416836,
                "z": 0.2176879167930461
            },
            "3": {
                "x": 0.28468654560309337,
                "y": -0.8263080208501304,
                "z": 0.2519504927772207
            },
            "4": {
                "x": 0.17603348160613155,
                "y": -0.9625701470313283,
                "z": 0.2674719819361123
            },
            "5": {
                "x": 0.3635602178426778,
                "y": -0.8701562765044778,
                "z": 0.031022618699797676
            },
            "6": {
                "x": 0.43780513916864194,
                "y": -1.317600782564078,
                "z": 0.042687254215859206
            },
            "7": {
                "x": 0.49794607465309226,
                "y": -1.598203770837158,
                "z": 0.023131248248479605
            },
            "8": {
                "x": 0.5408487924670705,
                "y": -1.810891707456344,
                "z": 0.00036884782126470723
            },
            "9": {
                "x": 0.19865430944435644,
                "y": -0.9796350505310116,
                "z": -0.02918275364471513
            },
            "10": {
                "x": 0.1687896379327433,
                "y": -1.0640663687730858,
                "z": 0.056636964620411887
            },
            "11": {
                "x": 0.12730166877382565,
                "y": -0.8651340679898882,
                "z": 0.09130139131730344
            },
            "12": {
                "x": 0.12251016322829918,
                "y": -0.754883299848967,
                "z": 0.08341690931517824
            },
            "13": {
                "x": 0.01552630981794665,
                "y": -0.9713699158035322,
                "z": -0.06494356463824003
            },
            "14": {
                "x": -0.011235464148566082,
                "y": -1.0455148658429023,
                "z": 0.0227280793868023
            },
            "15": {
                "x": -0.01081836236270772,
                "y": -0.876671052884588,
                "z": 0.06900754333084674
            },
            "16": {
                "x": 0.0017484071282279634,
                "y": -0.7603802285028824,
                "z": 0.06725488225794668
            },
            "17": {
                "x": -0.1670484617930979,
                "y": -0.9170993952721671,
                "z": -0.08508550485580144
            },
            "18": {
                "x": -0.19140415300315802,
                "y": -1.3203991751455346,
                "z": -0.03385946365969332
            },
            "19": {
                "x": -0.20083508377878376,
                "y": -1.5121808316637415,
                "z": 0.012250762511639845
            },
            "20": {
                "x": -0.19423904486031698,
                "y": -1.646354005587751,
                "z": 0.03582242410027457
            }
        }
    },
    "teste": {
        "m\u00e3o1": {
            "0": {
                "x": 0.0,
                "y": 0.0,
                "z": 0.0
            },
            "1": {
                "x": -0.26400830535980585,
                "y": -0.12660235899800745,
                "z": -0.1017117854085603
            },
            "2": {
                "x": -0.4316555148797539,
                "y": -0.4304356743814823,
                "z": -0.1464346196851736
            },
            "3": {
                "x": -0.48695121940524655,
                "y": -0.7231401188470564,
                "z": -0.18640004613113115
            },
            "4": {
                "x": -0.5054737974630187,
                "y": -0.9772209179421953,
                "z": -0.21996765424030434
            },
            "5": {
                "x": -0.2962899538987958,
                "y": -0.9219936827247847,
                "z": -0.0200065025099429
            },
            "6": {
                "x": -0.2954357177693932,
                "y": -1.275576688679119,
                "z": -0.08719780005019911
            },
            "7": {
                "x": -0.2793580374173515,
                "y": -1.4852634012726988,
                "z": -0.15334677294338261
            },
            "8": {
                "x": -0.2538700657802646,
                "y": -1.6730498796319622,
                "z": -0.2015432970351973
            },
            "9": {
                "x": -0.14799282293143814,
                "y": -0.9885510668895685,
                "z": -0.029409394966235326
            },
            "10": {
                "x": -0.14216988866411834,
                "y": -1.3942284568315222,
                "z": -0.07375214646820814
            },
            "11": {
                "x": -0.13002169450732873,
                "y": -1.6336882329337012,
                "z": -0.12128990479556787
            },
            "12": {
                "x": -0.11412833787990116,
                "y": -1.833689038106846,
                "z": -0.15878125256877912
            },
            "13": {
                "x": -0.012280350789531796,
                "y": -0.9726741211597922,
                "z": -0.06082681207950891
            },
            "14": {
                "x": -0.007919181909039629,
                "y": -1.3534570488161437,
                "z": -0.10484029617328573
            },
            "15": {
                "x": -0.009556793868052188,
                "y": -1.58947021036721,
                "z": -0.13188501398439365
            },
            "16": {
                "x": -0.010836626521976525,
                "y": -1.7958949581786157,
                "z": -0.15484720175298824
            },
            "17": {
                "x": 0.12319954306777893,
                "y": -0.8874780871578213,
                "z": -0.10716708432257493
            },
            "18": {
                "x": 0.12058923220823795,
                "y": -1.2041258139338666,
                "z": -0.14663161838289096
            },
            "19": {
                "x": 0.11281481397914288,
                "y": -1.4089499014763356,
                "z": -0.1574508015335228
            },
            "20": {
                "x": 0.09887902747420894,
                "y": -1.5970864970990684,
                "z": -0.16579524033757978
            }
        }
    },
    "aaaaaa": {
        "m\u00e3o1": {
            "0": {
                "x": 0.0,
                "y": 0.0,
                "z": 0.0
            },
            "1": {
                "x": -0.0543633421570203,
                "y": -0.547269659426536,
                "z": -0.03295288417671572
            },
            "2": {
                "x": -0.1803159375613776,
                "y": -1.0259254303588923,
                "z": -0.08124381585772482
            },
            "3": {
                "x": -0.2962349668952515,
                "y": -1.4399776762090168,
                "z": -0.12823368993889578
            },
            "4": {
                "x": -0.3289168032601366,
                "y": -1.742909162369474,
                "z": -0.17310311752588464
            },
            "5": {
                "x": -0.7271664833812026,
                "y": -0.8652033615802998,
                "z": -0.06570039719921046
            },